ID,Suit,Number,URL
114,Club,Ace,https://upload.wikimedia.org/wikipedia/commons/thumb/3/36/Playing_card_club_A.svg/800px-Playing_card_club_A.svg.png
12,Club,2,https://upload.wikimedia.org/wikipedia/commons/thumb/f/f5/Playing_card_club_2.svg/800px-Playing_card_club_2.svg.png
13,Club,3,https://upload.wikimedia.org/wikipedia/commons/thumb/6/6b/Playing_card_club_3.svg/800px-Playing_card_club_3.svg.png
14,Club,4,https://upload.wikimedia.org/wikipedia/commons/thumb/3/3d/Playing_card_club_4.svg/800px-Playing_card_club_4.svg.png
15,Club,5,https://upload.wikimedia.org/wikipedia/commons/thumb/5/50/Playing_card_club_5.svg/800px-Playing_card_club_5.svg.png
16,Club,6,https://upload.wikimedia.org/wikipedia/commons/thumb/a/a0/Playing_card_club_6.svg/800px-Playing_card_club_6.svg.png
17,Club,7,https://upload.wikimedia.org/wikipedia/commons/thumb/4/4b/Playing_card_club_7.svg/800px-Playing_card_club_7.svg.png
18,Club,8,https://upload.wikimedia.org/wikipedia/commons/thumb/e/eb/Playing_card_club_8.svg/800px-Playing_card_club_8.svg.png
19,Club,9,https://upload.wikimedia.org/wikipedia/commons/thumb/2/27/Playing_card_club_9.svg/800px-Playing_card_club_9.svg.png
110,Club,10,https://upload.wikimedia.org/wikipedia/commons/thumb/3/3e/Playing_card_club_10.svg/800px-Playing_card_club_10.svg.png
111,Club,Jack,https://upload.wikimedia.org/wikipedia/commons/thumb/b/b7/Playing_card_club_J.svg/800px-Playing_card_club_J.svg.png
112,Club,Queen,https://upload.wikimedia.org/wikipedia/commons/thumb/f/f2/Playing_card_club_Q.svg/800px-Playing_card_club_Q.svg.png
113,Club,King,https://upload.wikimedia.org/wikipedia/commons/thumb/2/22/Playing_card_club_K.svg/800px-Playing_card_club_K.svg.png
214,Diamond,Ace,https://upload.wikimedia.org/wikipedia/commons/thumb/d/d3/Playing_card_diamond_A.svg/800px-Playing_card_diamond_A.svg.png
22,Diamond,2,https://upload.wikimedia.org/wikipedia/commons/thumb/5/59/Playing_card_diamond_2.svg/800px-Playing_card_diamond_2.svg.png
23,Diamond,3,https://upload.wikimedia.org/wikipedia/commons/thumb/8/82/Playing_card_diamond_3.svg/800px-Playing_card_diamond_3.svg.png
24,Diamond,4,https://upload.wikimedia.org/wikipedia/commons/thumb/2/20/Playing_card_diamond_4.svg/800px-Playing_card_diamond_4.svg.png
25,Diamond,5,https://upload.wikimedia.org/wikipedia/commons/thumb/f/fd/Playing_card_diamond_5.svg/800px-Playing_card_diamond_5.svg.png
26,Diamond,6,https://upload.wikimedia.org/wikipedia/commons/thumb/8/80/Playing_card_diamond_6.svg/800px-Playing_card_diamond_6.svg.png
27,Diamond,7,https://upload.wikimedia.org/wikipedia/commons/thumb/e/e6/Playing_card_diamond_7.svg/800px-Playing_card_diamond_7.svg.png
28,Diamond,8,https://upload.wikimedia.org/wikipedia/commons/thumb/7/78/Playing_card_diamond_8.svg/800px-Playing_card_diamond_8.svg.png
29,Diamond,9,https://upload.wikimedia.org/wikipedia/commons/thumb/9/9e/Playing_card_diamond_9.svg/800px-Playing_card_diamond_9.svg.png
210,Diamond,10,https://upload.wikimedia.org/wikipedia/commons/thumb/3/34/Playing_card_diamond_10.svg/800px-Playing_card_diamond_10.svg.png
211,Diamond,Jack,https://upload.wikimedia.org/wikipedia/commons/thumb/a/af/Playing_card_diamond_J.svg/800px-Playing_card_diamond_J.svg.png
212,Diamond,Queen,https://upload.wikimedia.org/wikipedia/commons/thumb/0/0b/Playing_card_diamond_Q.svg/800px-Playing_card_diamond_Q.svg.png
213,Diamond,King,https://upload.wikimedia.org/wikipedia/commons/thumb/7/78/Playing_card_diamond_K.svg/800px-Playing_card_diamond_K.svg.png
314,Heart,Ace,https://upload.wikimedia.org/wikipedia/commons/thumb/5/57/Playing_card_heart_A.svg/800px-Playing_card_heart_A.svg.png
32,Heart,2,https://upload.wikimedia.org/wikipedia/commons/thumb/d/d5/Playing_card_heart_2.svg/800px-Playing_card_heart_2.svg.png
33,Heart,3,https://upload.wikimedia.org/wikipedia/commons/thumb/b/b6/Playing_card_heart_3.svg/800px-Playing_card_heart_3.svg.png
34,Heart,4,https://upload.wikimedia.org/wikipedia/commons/thumb/a/a2/Playing_card_heart_4.svg/800px-Playing_card_heart_4.svg.png
35,Heart,5,https://upload.wikimedia.org/wikipedia/commons/thumb/5/52/Playing_card_heart_5.svg/800px-Playing_card_heart_5.svg.png
36,Heart,6,https://upload.wikimedia.org/wikipedia/commons/thumb/c/cd/Playing_card_heart_6.svg/800px-Playing_card_heart_6.svg.png
37,Heart,7,https://upload.wikimedia.org/wikipedia/commons/thumb/9/94/Playing_card_heart_7.svg/800px-Playing_card_heart_7.svg.png
38,Heart,8,https://upload.wikimedia.org/wikipedia/commons/thumb/5/50/Playing_card_heart_8.svg/800px-Playing_card_heart_8.svg.png
39,Heart,9,https://upload.wikimedia.org/wikipedia/commons/thumb/5/50/Playing_card_heart_9.svg/800px-Playing_card_heart_9.svg.png
310,Heart,10,https://upload.wikimedia.org/wikipedia/commons/thumb/9/98/Playing_card_heart_10.svg/800px-Playing_card_heart_10.svg.png
311,Heart,Jack,https://upload.wikimedia.org/wikipedia/commons/thumb/4/46/Playing_card_heart_J.svg/800px-Playing_card_heart_J.svg.png
312,Heart,Queen,https://upload.wikimedia.org/wikipedia/commons/thumb/7/72/Playing_card_heart_Q.svg/800px-Playing_card_heart_Q.svg.png
313,Heart,King,https://upload.wikimedia.org/wikipedia/commons/thumb/d/dc/Playing_card_heart_K.svg/800px-Playing_card_heart_K.svg.png
414,Spade,Ace,https://upload.wikimedia.org/wikipedia/commons/thumb/2/25/Playing_card_spade_A.svg/800px-Playing_card_spade_A.svg.png
42,Spade,2,https://upload.wikimedia.org/wikipedia/commons/thumb/f/f2/Playing_card_spade_2.svg/800px-Playing_card_spade_2.svg.png
43,Spade,3,https://upload.wikimedia.org/wikipedia/commons/thumb/5/52/Playing_card_spade_3.svg/800px-Playing_card_spade_3.svg.png
44,Spade,4,https://upload.wikimedia.org/wikipedia/commons/thumb/2/2c/Playing_card_spade_4.svg/800px-Playing_card_spade_4.svg.png
45,Spade,5,https://upload.wikimedia.org/wikipedia/commons/thumb/9/94/Playing_card_spade_5.svg/800px-Playing_card_spade_5.svg.png
46,Spade,6,https://upload.wikimedia.org/wikipedia/commons/thumb/d/d2/Playing_card_spade_6.svg/800px-Playing_card_spade_6.svg.png
47,Spade,7,https://upload.wikimedia.org/wikipedia/commons/thumb/6/66/Playing_card_spade_7.svg/800px-Playing_card_spade_7.svg.png
48,Spade,8,https://upload.wikimedia.org/wikipedia/commons/thumb/2/21/Playing_card_spade_8.svg/800px-Playing_card_spade_8.svg.png
49,Spade,9,https://upload.wikimedia.org/wikipedia/commons/thumb/e/e0/Playing_card_spade_9.svg/800px-Playing_card_spade_9.svg.png
410,Spade,10,https://upload.wikimedia.org/wikipedia/commons/thumb/8/87/Playing_card_spade_10.svg/800px-Playing_card_spade_10.svg.png
411,Spade,Jack,https://upload.wikimedia.org/wikipedia/commons/thumb/b/bd/Playing_card_spade_J.svg/800px-Playing_card_spade_J.svg.png
412,Spade,Queen,https://upload.wikimedia.org/wikipedia/commons/thumb/5/51/Playing_card_spade_Q.svg/800px-Playing_card_spade_Q.svg.png
413,Spade,King,https://upload.wikimedia.org/wikipedia/commons/thumb/9/9f/Playing_card_spade_K.svg/800px-Playing_card_spade_K.svg.png
